preset,sequence_id,split,original_exclusion,length,scored_residues,missing_fraction,longest_missing_run,stok_backbone_rmsd,stok_ca_rmsd,source_sha256,arrays,arrays_sha256
lite,9QSV.A,selection,missing_block_exceeded,359,330,0.0807799442896936,24,1.4583955940931732,1.4728542548050803,db02fc3975ed985114251fb739c8c113c3109821b42a5d500105ed399a2df624,arrays/lite-9QSV.A.npz,78ad6d2f92548d4c7af6bd1ff4e23922ae6b4d9424695c564850f2820dcfe388
lite,5VY9.A,selection,missing_block_exceeded,908,849,0.06497797356828194,24,2.266590680649403,2.2763013576930957,8a5f082f774151f09592a72ac3650ea5f50dc6094df8b16650865009c8f4b26e,arrays/lite-5VY9.A.npz,16858e3e5867fa496417a29f10129b45e06cafab917a0244897046258fece299
lite,7B5E.A,selection,missing_ratio_exceeded,960,718,0.2520833333333333,116,1.706375455056455,1.7146207663823902,40940394f62944059f509d7dda9a882963c3a83c554ff6cfedf7385867502326,arrays/lite-7B5E.A.npz,fd127df4aacb759b041c132ef77ce554edf1e7c5b329bd93029217894df7adbf
lite,7M8J.A,heldout,missing_block_exceeded,257,224,0.12840466926070038,27,1.1581448287742344,1.1559712986964568,792e18ac1f7c73c42043a4943fa8bfe5dca0525c6dabc41a0ae743afbadc8741,arrays/lite-7M8J.A.npz,cad8640713952b30f64fee4f404516904713a28e383d58b618ba13690f39c408
lite,5O67.B,heldout,missing_block_exceeded,334,290,0.1317365269461078,18,1.063210527998195,1.0457349057417051,e8e533841b054f959c28ed3f99ae15330e00c9925e421f47355e16a4f231afa2,arrays/lite-5O67.B.npz,c67ab434bf98121fc65cc10af8054fc2535159071f4d86ed975f7913012c71f0
lite,5IOV.A,heldout,missing_block_exceeded,822,802,0.024330900243309004,19,1.472038399452095,1.4859136670201885,c479cb48a5ccc32a1bcef38421843b026a1951872cae2d102b5ae1c342677721,arrays/lite-5IOV.A.npz,c260b47e539c83af4be60a17cc51bf1a023ed2287e44d8e10e512e4ece3f3882
lite,8UF5.A,heldout,missing_block_exceeded,869,839,0.03452243958573072,17,1.4369875004434247,1.4481988895765074,2df5761a6692a1f71eb1b4bcf659a0495f55e362befd4a59dfc925159e8f8a41,arrays/lite-8UF5.A.npz,3281418d504dc2572ea53b0e2ee06edd212d5fe0cb6bf8a0fb48115317e7a8af
lite,5L6N.C,heldout,missing_ratio_exceeded,35,24,0.3142857142857143,11,0.6476947645328476,0.5644953616704002,99e065d0bb3c8fd09b27fb622cf3e51487fc38afd8fe03cf70549cfe2aa5c1c3,arrays/lite-5L6N.C.npz,08070d1b70f3026316371e752e9bd94fef558100519473ba090f1f6965e5244c
lite,5BUZ.C,heldout,missing_ratio_exceeded,67,38,0.43283582089552236,20,0.4783984504008239,0.513684653901451,8be4f34fb13c62fe92f630ba76d7ceb7c560e1a8883089fab1677648aacc1100,arrays/lite-5BUZ.C.npz,cc76a3e4c7eb6941e56b5e9bcc62969c931882ac0fe9b6e2c22e56290e5292db
lite,5N6H.A,heldout,missing_block_exceeded,532,503,0.05451127819548872,25,0.9690567810916318,0.9783628470905669,fbcec8518247d562663d796ed31a3099905324434952dddbfd7f4271d6fb4a6f,arrays/lite-5N6H.A.npz,db4b0e831f3ef612c5b00ea98365b14d8eb58cb186d62fa65e05f1b8dfa89b70
large,9QSV.A,selection,missing_block_exceeded,359,330,0.0807799442896936,24,0.636535788210876,0.6404905939421001,db02fc3975ed985114251fb739c8c113c3109821b42a5d500105ed399a2df624,arrays/large-9QSV.A.npz,7788e103b037f52f201d9ef5c9c28ba440b17e64f68b21c60b035c4b1d95f0f7
large,5VY9.A,selection,missing_block_exceeded,908,849,0.06497797356828194,24,1.9776974210264608,1.9787649331780204,8a5f082f774151f09592a72ac3650ea5f50dc6094df8b16650865009c8f4b26e,arrays/large-5VY9.A.npz,a73bf81fe961f70554dcfeac168b4af89abc7e03e3a486e81718b98babe6cc4a
large,7B5E.A,selection,missing_ratio_exceeded,960,718,0.2520833333333333,116,1.084277675489471,1.0876111327410225,40940394f62944059f509d7dda9a882963c3a83c554ff6cfedf7385867502326,arrays/large-7B5E.A.npz,132eb14aa1ce373c32ceaddfcb1b6891ad1dac09eda3b8e1867055a8747a3f72
large,7M8J.A,heldout,missing_block_exceeded,257,224,0.12840466926070038,27,1.0500971533107046,1.0630049573360243,792e18ac1f7c73c42043a4943fa8bfe5dca0525c6dabc41a0ae743afbadc8741,arrays/large-7M8J.A.npz,9506e4d8a6a49c6560f982f21bd67bee54202297b1b17f2f9c8dae60e37f7d73
large,5O67.B,heldout,missing_block_exceeded,334,290,0.1317365269461078,18,0.8008881578233877,0.788528668683425,e8e533841b054f959c28ed3f99ae15330e00c9925e421f47355e16a4f231afa2,arrays/large-5O67.B.npz,7c067c127ae59bd07005c4bbcbd1c1c36efb99ead2a1f5fd467d30aa6563303b
large,5IOV.A,heldout,missing_block_exceeded,822,802,0.024330900243309004,19,1.4221352312800197,1.42681307476186,c479cb48a5ccc32a1bcef38421843b026a1951872cae2d102b5ae1c342677721,arrays/large-5IOV.A.npz,500c166b9dfb6494b21ff8450e937c93af81fe8e5555f13d720cbef8b47d2b9f
large,8UF5.A,heldout,missing_block_exceeded,869,839,0.03452243958573072,17,1.033416066704137,1.0385718968350197,2df5761a6692a1f71eb1b4bcf659a0495f55e362befd4a59dfc925159e8f8a41,arrays/large-8UF5.A.npz,86c6ab06ce6f033a920f4c6a6d96592f28d3568e102cd9d7b1cda7f7fd7512c7
large,5L6N.C,heldout,missing_ratio_exceeded,35,24,0.3142857142857143,11,0.6337064686980638,0.5778364613036059,99e065d0bb3c8fd09b27fb622cf3e51487fc38afd8fe03cf70549cfe2aa5c1c3,arrays/large-5L6N.C.npz,1346c4389be6f32c5a13423504144233b46d53f98e6314976943ab9c43959bbd
large,5BUZ.C,heldout,missing_ratio_exceeded,67,38,0.43283582089552236,20,0.4623275262988014,0.47499454190455637,8be4f34fb13c62fe92f630ba76d7ceb7c560e1a8883089fab1677648aacc1100,arrays/large-5BUZ.C.npz,94f390bb6a43b4e57225bfd35a96f717c1e96ebbb3704c74239dd8ddf339183f
large,5N6H.A,heldout,missing_block_exceeded,532,503,0.05451127819548872,25,0.7532704566808062,0.7511207969524676,fbcec8518247d562663d796ed31a3099905324434952dddbfd7f4271d6fb4a6f,arrays/large-5N6H.A.npz,f33d8ee5f803a17e7fc09c9322c2984413dfa12b272c6015d22360ba07ac3545
