preset,sequence_id,split,status,reason,length,complete,scored_residues,stok_backbone_rmsd,upstream_backbone_rmsd,stok_ca_rmsd,upstream_ca_rmsd,implementation_unaligned_backbone_rmsd,implementation_max_atom_distance,changed_token_ids,prepared_max_atom_component_delta,source_sha256
lite,7GHY.A,selection,accepted,,306,False,301,0.8859777233504664,0.8859777233504664,0.9020472178393337,0.9020472178393337,0.0,0.0,0,0.0,98b4f0d22b4a59754c35f147fe1bf052e35fdd9ad847517363779be5a64ef4da
lite,9QSV.A,selection,excluded,missing_block_exceeded,359,False,,,,,,,,,,db02fc3975ed985114251fb739c8c113c3109821b42a5d500105ed399a2df624
lite,3WWF.A,selection,accepted,,90,False,82,0.8794785089603079,0.8794785089603079,0.8832971542092226,0.8832971542092226,0.0,0.0,0,0.0,2a55a443f46c857671557e4688d11a064e0b119193c8088ba222442c5e26658c
lite,8FFJ.A,selection,accepted,,622,False,619,1.394737901458569,1.394737901458569,1.4064290540482938,1.4064290540482938,0.0,0.0,0,0.0,edf92b98bfeaee4ecb04eaf013329a10b4071aad38e1e4f1927f79365c055281
lite,5VY9.A,selection,excluded,missing_block_exceeded,908,False,,,,,,,,,,8a5f082f774151f09592a72ac3650ea5f50dc6094df8b16650865009c8f4b26e
lite,9JVR.A,selection,accepted,,237,False,227,0.995240650795698,0.995240650795698,1.005454371935539,1.005454371935539,0.0,0.0,0,0.0,ca5810c51ee4896a6c604107d580be3f720e1abc2463946133cd55326992abc7
lite,7B5E.A,selection,excluded,missing_ratio_exceeded,960,False,,,,,,,,,,40940394f62944059f509d7dda9a882963c3a83c554ff6cfedf7385867502326
lite,5E4E.A,selection,accepted,,113,False,111,0.6617339678352079,0.6617339678352079,0.6592092283663227,0.6592092283663227,0.0,0.0,0,0.0,a9b0d2399c41050d19cae8fbe00ca69ecee9e3855bb7365abaeaf773e4a417b6
lite,5R4Q.A,selection,accepted,,197,True,197,0.785865151915058,0.785865151915058,0.8021839481858793,0.8021839481858793,0.0,0.0,0,0.0,0c3301ad8ab2b8a5d087ca5c27d1e45902d02144bf817f1aeea7c4e81e087b7f
lite,5J3T.C,selection,accepted,,26,False,25,0.5598159891162285,0.5598159891162285,0.5816127390580578,0.5816127390580578,0.0,0.0,0,0.0,48c3967adb9b91e008cdd417690a635df7964e2777a5edc6af07b75c83386b33
lite,5X60.A,selection,accepted,,669,False,662,1.0419149022297245,1.0419149022297245,1.0527800868107704,1.0527800868107704,0.0,0.0,0,0.0,9546bc69a447014f704ec9e664fd2dd926d64d6185d6d9085ba80e93f4e08cfb
lite,4CDU.A,selection,accepted,,297,True,297,1.2390840629257673,1.2390840629257673,1.2576038906998503,1.2576038906998503,0.0,0.0,0,0.0,823743afe4ef524408309cad74f87b4d12389dd1821c095e099530cb11ec1fec
lite,3A8G.B,selection,accepted,,212,True,212,0.6743799400381872,0.6743799400381872,0.687515942152105,0.687515942152105,0.0,0.0,0,0.0,ccf3085a729644bda75ef30c4da1eb6e6c3e9454bb67669f2553d6f9fe0119ed
lite,5YST.C,selection,accepted,,1017,True,1017,0.915090448060557,0.915090448060557,0.9242336540372893,0.9242336540372893,0.0,0.0,0,0.0,2d6fb1df4ed4abeaf10b1732047dbb0d11688268044ad11d2d4baad0e00c1bf2
lite,7ZDR.A,selection,accepted,,573,True,573,1.0412448588733412,1.0412448588733412,1.05251720126083,1.05251720126083,0.0,0.0,0,0.0,f11fef8e36de92ebe158ffc99c5b240f56d569b6ffc613509003e6a29be2be90
lite,4YW5.A,selection,accepted,,659,True,659,1.006352595499348,1.006352595499348,1.017658495599815,1.017658495599815,0.0,0.0,0,0.0,e3124e1317b780571ac1a58e044de0c606ee1417197276d7744530e187dec945
lite,4N5T.A,selection,accepted,,90,True,90,0.5351794949233855,0.5351794949233855,0.5386072843248069,0.5386072843248069,0.0,0.0,0,0.0,7f443b2be9b88662005d8f98465eb70b8e4148e1e0bcaaad52d225798c6b1200
lite,4GIP.A,selection,accepted,,81,True,81,0.8601725805772076,0.8601725805772076,0.8725815961884367,0.8725815961884367,0.0,0.0,0,0.0,c0f04babeb208f3c1d5cd16bf0cba4377e7f2c67630549b008f7de669f5c2857
lite,9JQG.A,selection,accepted,,269,True,269,0.6532466922733922,0.6532466922733922,0.6667361302202025,0.6667361302202025,0.0,0.0,0,0.0,282c88bdbf38d2f696f984277b69d71167f1d9301da671e008979825f4d6a19b
lite,4M42.A,selection,accepted,,903,True,903,1.0224954176444767,1.0224954176444767,1.0352552312819876,1.0352552312819876,0.0,0.0,0,0.0,103fe29710979efdd5ff25b0a531008b400623ba513ebc04e29a3411a36f10b2
lite,7M8J.A,heldout,excluded,missing_block_exceeded,257,False,,,,,,,,,,792e18ac1f7c73c42043a4943fa8bfe5dca0525c6dabc41a0ae743afbadc8741
lite,5O67.B,heldout,excluded,missing_block_exceeded,334,False,,,,,,,,,,e8e533841b054f959c28ed3f99ae15330e00c9925e421f47355e16a4f231afa2
lite,3ZYF.A,heldout,accepted,,122,False,121,0.6860727889861583,0.6860727889861583,0.6938841871516535,0.6938841871516535,0.0,0.0,0,0.0,fa14de152180f5bd8bee8a5a161b799bed9a7b54b1e22dfdc38150dab2f7e9bf
lite,7B51.A,heldout,accepted,,182,False,174,0.8377627064333771,0.8377627064333771,0.8510957684507197,0.8510957684507197,0.0,0.0,0,0.0,01814f0104b3d43e59955a51ea2e5f67dc68d1b85a74b2e7c3fe2040bfa1cdb8
lite,3TIE.B,heldout,accepted,,99,True,99,0.47463825492328304,0.47463825492328304,0.4816514837593744,0.4816514837593744,0.0,0.0,0,0.0,04b0ec90356a8f9e19c3b331e6547cfad654f3cea61ebd8bd9a475959d7f24c7
lite,5IOV.A,heldout,excluded,missing_block_exceeded,822,False,,,,,,,,,,c479cb48a5ccc32a1bcef38421843b026a1951872cae2d102b5ae1c342677721
lite,8UF5.A,heldout,excluded,missing_block_exceeded,869,False,,,,,,,,,,2df5761a6692a1f71eb1b4bcf659a0495f55e362befd4a59dfc925159e8f8a41
lite,6NL9.A,heldout,accepted,,56,True,56,0.4656762965114222,0.4656762965114222,0.4712980830903197,0.4712980830903197,0.0,0.0,0,0.0,222f61beed47734306d29f85752545c5b00b743c258eb6fde46c33d39efefb88
lite,5L6N.C,heldout,excluded,missing_ratio_exceeded,35,False,,,,,,,,,,99e065d0bb3c8fd09b27fb622cf3e51487fc38afd8fe03cf70549cfe2aa5c1c3
lite,5BUZ.C,heldout,excluded,missing_ratio_exceeded,67,False,,,,,,,,,,8be4f34fb13c62fe92f630ba76d7ceb7c560e1a8883089fab1677648aacc1100
lite,5N6H.A,heldout,excluded,missing_block_exceeded,532,False,,,,,,,,,,fbcec8518247d562663d796ed31a3099905324434952dddbfd7f4271d6fb4a6f
lite,3ALX.A,heldout,accepted,,559,False,515,1.1287337925219378,1.1287337925219378,1.1279975796470503,1.1279975796470503,0.0,0.0,0,0.0,efd6357985bc054df0accf10e07f4a1b64091c237e46fce684f8e3d1ba59495c
lite,5FKU.B,heldout,accepted,,366,True,366,1.0280153765374027,1.0280153765374027,1.036792884717889,1.036792884717889,0.0,0.0,0,0.0,ace03f8c7f691a44b7a530f9c8ff9a4323ccdc565f4abc892825dc220857b9ee
lite,6FCZ.A,heldout,accepted,,133,True,133,0.6346297642679368,0.6346297642679368,0.6498633104037856,0.6498633104037856,0.0,0.0,0,0.0,cbc4915e3613097a499c37bf04be4704bcbee6b210644ff1c38522021eaaaec3
lite,9GQG.A,heldout,accepted,,128,True,128,0.5040058951493684,0.5040058951493684,0.5133783200359101,0.5133783200359101,0.0,0.0,0,0.0,bd7e2b880dfe87b615e9beb09af2e630019441eac850b3f55bfe38bd4fce6da4
lite,7M0M.A,heldout,accepted,,293,True,293,0.6392573438543049,0.6392573438543049,0.6530643527791543,0.6530643527791543,0.0,0.0,0,0.0,baf01a963f149ac4e853ad5d635dbbeb90d889e404128629f453f6fdb004c779
lite,4CJN.A,heldout,accepted,,642,True,642,1.0004567938727944,1.0004567938727944,1.0151340735155963,1.0151340735155963,0.0,0.0,0,0.0,ed078f4d4820c8f1a06a43c7d3ae6eba658fe30d18c6d6b6a52cf56baf1a0f54
lite,9FOP.A,heldout,accepted,,669,True,669,0.8627552259289938,0.8627552259289938,0.8749625348676492,0.8749625348676492,0.0,0.0,0,0.0,ba9484315e04e934aa15990ac1b4d2696070856ac3d59411939df27460738d40
lite,9MJ9.A,heldout,accepted,,854,True,854,1.151960135664165,1.151960135664165,1.1641962561240407,1.1641962561240407,0.0,0.0,0,0.0,c39b18b2b2bfbae8b2c749f74885735814da1a89347828692ba2da1af8e63169
lite,6BYE.A,heldout,accepted,,861,True,861,1.0897694989746025,1.0897694989746025,1.1012738603183583,1.1012738603183583,0.0,0.0,0,0.0,c7299b4b0bfbc39a2ffd5d6956e0a13038f0e6d9aea6de8f120713fcc0451c5d
large,7GHY.A,selection,accepted,,306,False,301,0.4640500270490995,0.4640500270490995,0.4704665737649698,0.4704665737649698,0.0,0.0,0,0.0,98b4f0d22b4a59754c35f147fe1bf052e35fdd9ad847517363779be5a64ef4da
large,9QSV.A,selection,excluded,missing_block_exceeded,359,False,,,,,,,,,,db02fc3975ed985114251fb739c8c113c3109821b42a5d500105ed399a2df624
large,3WWF.A,selection,accepted,,90,False,82,0.5695671411423507,0.5695671411423507,0.576861570700008,0.576861570700008,0.0,0.0,0,0.0,2a55a443f46c857671557e4688d11a064e0b119193c8088ba222442c5e26658c
large,8FFJ.A,selection,accepted,,622,False,619,0.9671893139699576,0.9671893139699576,0.9840449416452317,0.9840449416452317,0.0,0.0,0,0.0,edf92b98bfeaee4ecb04eaf013329a10b4071aad38e1e4f1927f79365c055281
large,5VY9.A,selection,excluded,missing_block_exceeded,908,False,,,,,,,,,,8a5f082f774151f09592a72ac3650ea5f50dc6094df8b16650865009c8f4b26e
large,9JVR.A,selection,accepted,,237,False,227,0.4837481988776814,0.4837481988776814,0.48523701779826206,0.48523701779826206,0.0,0.0,0,0.0,ca5810c51ee4896a6c604107d580be3f720e1abc2463946133cd55326992abc7
large,7B5E.A,selection,excluded,missing_ratio_exceeded,960,False,,,,,,,,,,40940394f62944059f509d7dda9a882963c3a83c554ff6cfedf7385867502326
large,5E4E.A,selection,accepted,,113,False,111,0.3446963436575857,0.3446963436575857,0.3458667114693959,0.3458667114693959,0.0,0.0,0,0.0,a9b0d2399c41050d19cae8fbe00ca69ecee9e3855bb7365abaeaf773e4a417b6
large,5R4Q.A,selection,accepted,,197,True,197,0.31736000660019453,0.31736000660019453,0.32256196811165777,0.32256196811165777,0.0,0.0,0,0.0,0c3301ad8ab2b8a5d087ca5c27d1e45902d02144bf817f1aeea7c4e81e087b7f
large,5J3T.C,selection,accepted,,26,False,25,0.5436597729241921,0.5436597729241921,0.5622072976006011,0.5622072976006011,0.0,0.0,0,0.0,48c3967adb9b91e008cdd417690a635df7964e2777a5edc6af07b75c83386b33
large,5X60.A,selection,accepted,,669,False,662,0.9916480732265531,0.9916480732265531,0.9968540407652687,0.9968540407652687,0.0,0.0,0,0.0,9546bc69a447014f704ec9e664fd2dd926d64d6185d6d9085ba80e93f4e08cfb
large,4CDU.A,selection,accepted,,297,True,297,0.8161332093990039,0.8161332093990039,0.8239551666249275,0.8239551666249275,0.0,0.0,0,0.0,823743afe4ef524408309cad74f87b4d12389dd1821c095e099530cb11ec1fec
large,3A8G.B,selection,accepted,,212,True,212,0.4410989253502902,0.4410989253502902,0.4444600516419862,0.4444600516419862,0.0,0.0,0,0.0,ccf3085a729644bda75ef30c4da1eb6e6c3e9454bb67669f2553d6f9fe0119ed
large,5YST.C,selection,accepted,,1017,True,1017,0.5909080406476466,0.5909080406476466,0.5969751220705889,0.5969751220705889,0.0,0.0,0,0.0,2d6fb1df4ed4abeaf10b1732047dbb0d11688268044ad11d2d4baad0e00c1bf2
large,7ZDR.A,selection,accepted,,573,True,573,0.6098487782989237,0.6098487782989237,0.6132255892761099,0.6132255892761099,0.0,0.0,0,0.0,f11fef8e36de92ebe158ffc99c5b240f56d569b6ffc613509003e6a29be2be90
large,4YW5.A,selection,accepted,,659,True,659,0.6540778162892842,0.6540778162892842,0.6592024983775957,0.6592024983775957,0.0,0.0,0,0.0,e3124e1317b780571ac1a58e044de0c606ee1417197276d7744530e187dec945
large,4N5T.A,selection,accepted,,90,True,90,0.27453389965452873,0.27453389965452873,0.2815943202224735,0.2815943202224735,0.0,0.0,0,0.0,7f443b2be9b88662005d8f98465eb70b8e4148e1e0bcaaad52d225798c6b1200
large,4GIP.A,selection,accepted,,81,True,81,0.41477428506796093,0.41477428506796093,0.3944838977803223,0.3944838977803223,0.0,0.0,0,0.0,c0f04babeb208f3c1d5cd16bf0cba4377e7f2c67630549b008f7de669f5c2857
large,9JQG.A,selection,accepted,,269,True,269,0.32138341545322074,0.32138341545322074,0.3258195091673116,0.3258195091673116,0.0,0.0,0,0.0,282c88bdbf38d2f696f984277b69d71167f1d9301da671e008979825f4d6a19b
large,4M42.A,selection,accepted,,903,True,903,0.661268386489666,0.661268386489666,0.665655442641692,0.665655442641692,0.0,0.0,0,0.0,103fe29710979efdd5ff25b0a531008b400623ba513ebc04e29a3411a36f10b2
large,7M8J.A,heldout,excluded,missing_block_exceeded,257,False,,,,,,,,,,792e18ac1f7c73c42043a4943fa8bfe5dca0525c6dabc41a0ae743afbadc8741
large,5O67.B,heldout,excluded,missing_block_exceeded,334,False,,,,,,,,,,e8e533841b054f959c28ed3f99ae15330e00c9925e421f47355e16a4f231afa2
large,3ZYF.A,heldout,accepted,,122,False,121,0.37286447902530806,0.37286447902530806,0.3820216558338691,0.3820216558338691,0.0,0.0,0,0.0,fa14de152180f5bd8bee8a5a161b799bed9a7b54b1e22dfdc38150dab2f7e9bf
large,7B51.A,heldout,accepted,,182,False,174,0.8568585351187762,0.8568585351187762,0.8600927045184619,0.8600927045184619,0.0,0.0,0,0.0,01814f0104b3d43e59955a51ea2e5f67dc68d1b85a74b2e7c3fe2040bfa1cdb8
large,3TIE.B,heldout,accepted,,99,True,99,0.3319917042702746,0.3319917042702746,0.33695424170391264,0.33695424170391264,0.0,0.0,0,0.0,04b0ec90356a8f9e19c3b331e6547cfad654f3cea61ebd8bd9a475959d7f24c7
large,5IOV.A,heldout,excluded,missing_block_exceeded,822,False,,,,,,,,,,c479cb48a5ccc32a1bcef38421843b026a1951872cae2d102b5ae1c342677721
large,8UF5.A,heldout,excluded,missing_block_exceeded,869,False,,,,,,,,,,2df5761a6692a1f71eb1b4bcf659a0495f55e362befd4a59dfc925159e8f8a41
large,6NL9.A,heldout,accepted,,56,True,56,0.2112148255697599,0.2112148255697599,0.22026857879118109,0.22026857879118109,0.0,0.0,0,0.0,222f61beed47734306d29f85752545c5b00b743c258eb6fde46c33d39efefb88
large,5L6N.C,heldout,excluded,missing_ratio_exceeded,35,False,,,,,,,,,,99e065d0bb3c8fd09b27fb622cf3e51487fc38afd8fe03cf70549cfe2aa5c1c3
large,5BUZ.C,heldout,excluded,missing_ratio_exceeded,67,False,,,,,,,,,,8be4f34fb13c62fe92f630ba76d7ceb7c560e1a8883089fab1677648aacc1100
large,5N6H.A,heldout,excluded,missing_block_exceeded,532,False,,,,,,,,,,fbcec8518247d562663d796ed31a3099905324434952dddbfd7f4271d6fb4a6f
large,3ALX.A,heldout,accepted,,559,False,515,0.9563076713131972,0.9563076713131972,0.9568659743594321,0.9568659743594321,0.0,0.0,0,0.0,efd6357985bc054df0accf10e07f4a1b64091c237e46fce684f8e3d1ba59495c
large,5FKU.B,heldout,accepted,,366,True,366,0.5885416845358176,0.5885416845358176,0.5936976157962648,0.5936976157962648,0.0,0.0,0,0.0,ace03f8c7f691a44b7a530f9c8ff9a4323ccdc565f4abc892825dc220857b9ee
large,6FCZ.A,heldout,accepted,,133,True,133,0.4200163986596297,0.4200163986596297,0.4204329877724854,0.4204329877724854,0.0,0.0,0,0.0,cbc4915e3613097a499c37bf04be4704bcbee6b210644ff1c38522021eaaaec3
large,9GQG.A,heldout,accepted,,128,True,128,0.35081403011879103,0.35081403011879103,0.3526570264116563,0.3526570264116563,0.0,0.0,0,0.0,bd7e2b880dfe87b615e9beb09af2e630019441eac850b3f55bfe38bd4fce6da4
large,7M0M.A,heldout,accepted,,293,True,293,0.33182820150493736,0.33182820150493736,0.3376832433005889,0.3376832433005889,0.0,0.0,0,0.0,baf01a963f149ac4e853ad5d635dbbeb90d889e404128629f453f6fdb004c779
large,4CJN.A,heldout,accepted,,642,True,642,0.8872949934690816,0.8872949934690816,0.8961402772057009,0.8961402772057009,0.0,0.0,0,0.0,ed078f4d4820c8f1a06a43c7d3ae6eba658fe30d18c6d6b6a52cf56baf1a0f54
large,9FOP.A,heldout,accepted,,669,True,669,0.5475706113594714,0.5475706113594714,0.5531431890273742,0.5531431890273742,0.0,0.0,0,0.0,ba9484315e04e934aa15990ac1b4d2696070856ac3d59411939df27460738d40
large,9MJ9.A,heldout,accepted,,854,True,854,0.6519314986294282,0.6519314986294282,0.6589993375675289,0.6589993375675289,0.0,0.0,0,0.0,c39b18b2b2bfbae8b2c749f74885735814da1a89347828692ba2da1af8e63169
large,6BYE.A,heldout,accepted,,861,True,861,0.5639067779259797,0.5639067779259797,0.5697579157891126,0.5697579157891126,0.0,0.0,0,0.0,c7299b4b0bfbc39a2ffd5d6956e0a13038f0e6d9aea6de8f120713fcc0451c5d
